Date,Name,Year,Letterboxd URI
2025-02-03,The Shawshank Redemption,1994,https://boxd.it/2aHi
2025-02-04,Memento,2000,https://boxd.it/2bcK
2025-02-12,2001: A Space Odyssey,1968,https://boxd.it/2bf0
2025-02-12,Portrait of a Lady on Fire,2019,https://boxd.it/jkPq
2025-02-12,Dorian Gray,2009,https://boxd.it/1zaw
2025-02-12,Nowhere Boy,2009,https://boxd.it/1flk
2025-02-12,Never Let Me Go,2010,https://boxd.it/Xw0
2025-02-16,Bohemian Rhapsody,2018,https://boxd.it/f1TK
2025-02-17,Parasite,2019,https://boxd.it/hTha
2025-02-17,Fast & Furious,2009,https://boxd.it/1Pnm
2025-02-18,Scarface,1983,https://boxd.it/2b7g
2025-02-18,Reservoir Dogs,1992,https://boxd.it/2agc
2025-02-18,The Holdovers,2023,https://boxd.it/vHza
2025-02-18,The Shape of Water,2017,https://boxd.it/dZ5m
2025-02-18,Dangerous Liaisons,1988,https://boxd.it/29r4
2025-02-18,Birdman or (The Unexpected Virtue of Ignorance),2014,https://boxd.it/5RFA
2025-02-18,Gone Girl,2014,https://boxd.it/6hQu
2025-02-18,Napoleon,2023,https://boxd.it/shJM
2025-02-18,Django Unchained,2012,https://boxd.it/2cCk
2025-02-18,The Revenant,2015,https://boxd.it/8H5e
2025-02-18,The Aviator,2004,https://boxd.it/26BU
2025-02-18,The Beach,2000,https://boxd.it/27T6
2025-02-18,Pulp Fiction,1994,https://boxd.it/29Pq
2025-02-18,Poor Things,2023,https://boxd.it/tNWU
2025-02-18,Darkest Hour,2017,https://boxd.it/dZZa
2025-02-18,The Killer,2023,https://boxd.it/u6WE
2025-02-19,A Beautiful Mind,2001,https://boxd.it/2amk
2025-02-19,The Theory of Everything,2014,https://boxd.it/7YtA
2025-02-21,The French Dispatch,2021,https://boxd.it/jLP8
2025-02-21,Beautiful Boy,2018,https://boxd.it/g76Q
2025-03-04,Gran Torino,2008,https://boxd.it/1Qzy
2025-03-08,Me Before You,2016,https://boxd.it/9n98
2025-03-09,Zombieland,2009,https://boxd.it/1En6
2025-03-09,War Horse,2011,https://boxd.it/nf8
2025-03-09,Aftersun,2022,https://boxd.it/Arw0
2025-03-09,Tron,1982,https://boxd.it/2b9w
2025-03-10,A History of Violence,2005,https://boxd.it/2bfa
2025-03-10,Rocketman,2019,https://boxd.it/iehK
2025-03-31,Prisoners,2013,https://boxd.it/4E5i
2025-04-01,The Favourite,2018,https://boxd.it/d2hI
2025-04-01,The Perks of Being a Wallflower,2012,https://boxd.it/2ZA8
2025-04-01,Robin Hood,2010,https://boxd.it/1D6o
2025-04-01,Baby Driver,2017,https://boxd.it/bhF2
2025-04-01,Taxi Driver,1976,https://boxd.it/2b8y
2025-04-02,A Real Pain,2024,https://boxd.it/CjNG
2025-04-05,Tenacious D in The Pick of Destiny,2006,https://boxd.it/27go
2025-04-09,Heat,1995,https://boxd.it/2bg8
2025-04-21,Malcolm X,1992,https://boxd.it/27WE
2025-04-21,City of God,2002,https://boxd.it/2a2a
2025-04-22,A Clockwork Orange,1971,https://boxd.it/2aVE
2025-04-22,Children of Men,2006,https://boxd.it/1Y2i
2025-04-26,Requiem for a Dream,2000,https://boxd.it/29VI
2025-04-27,Stand by Me,1986,https://boxd.it/2aOe
2025-04-27,The Dreamers,2003,https://boxd.it/28X4
2025-04-29,The Departed,2006,https://boxd.it/28MA
2025-05-01,Braveheart,1995,https://boxd.it/2aTI
2025-05-05,Lincoln,2012,https://boxd.it/2n2s
2025-05-05,Guillermo del Toro's Pinocchio,2022,https://boxd.it/kjMW
2025-05-09,Lost Highway,1997,https://boxd.it/29Wc
2025-05-11,Memories of Murder,2003,https://boxd.it/1TSo
2025-05-11,10 Things I Hate About You,1999,https://boxd.it/23AO
2025-05-16,Close Encounters of the Third Kind,1977,https://boxd.it/29u8
2025-05-16,The Breakfast Club,1985,https://boxd.it/27q4
2025-05-21,Cast Away,2000,https://boxd.it/20i8
2025-05-21,Die Hard,1988,https://boxd.it/2a7u
2025-05-27,One Flew Over the Cuckoo's Nest,1975,https://boxd.it/2aeA
2025-06-01,Singin' in the Rain,1952,https://boxd.it/29oY
2025-06-01,The Sound of Music,1965,https://boxd.it/1MLK
2025-06-01,Citizen Kane,1941,https://boxd.it/71O
2025-06-02,Cold War,2018,https://boxd.it/fEoc
2025-06-17,Casablanca,1942,https://boxd.it/2aG0
2025-06-20,Trainspotting,1996,https://boxd.it/29XY
2025-06-21,Mystic River,2003,https://boxd.it/2aAG
2025-07-01,Boyhood,2014,https://boxd.it/3178
2025-07-15,Donnie Darko,2001,https://boxd.it/2b2A
2025-07-16,The Place Beyond the Pines,2012,https://boxd.it/3mDu
2025-08-14,Harakiri,1962,https://boxd.it/1NTU
2025-08-22,The Lovely Bones,2009,https://boxd.it/20IA
2025-08-22,Almost Famous,2000,https://boxd.it/29CQ
2025-08-22,Snatch,2000,https://boxd.it/2b7U
2025-09-02,Drive-Away Dolls,2024,https://boxd.it/A8vi
2025-09-02,The Unbearable Weight of Massive Talent,2022,https://boxd.it/o6eK
2025-09-02,Past Lives,2023,https://boxd.it/oNB8
2025-09-03,The Name of the Rose,1986,https://boxd.it/2aUw
2025-09-07,Mona Lisa Smile,2003,https://boxd.it/1T0Q
2025-09-10,Big Fish,2003,https://boxd.it/2a3M
2025-09-17,Lost in Translation,2003,https://boxd.it/2b0E
2025-09-17,Juno,2007,https://boxd.it/210a
2025-09-18,It's Such a Beautiful Day,2012,https://boxd.it/hCY2
2025-09-23,A Prophet,2009,https://boxd.it/1BGE
2025-09-23,All Your Faces,2023,https://boxd.it/BOP2
2025-09-23,The Tree of Life,2011,https://boxd.it/1Zu8
2025-09-27,Jane Austen Wrecked My Life,2024,https://boxd.it/EWpi
2025-09-29,Boogie Nights,1997,https://boxd.it/23um
2025-09-30,Phantom Thread,2017,https://boxd.it/e4uc
2025-09-30,Escape from the 21st Century,2024,https://boxd.it/LcC0
2025-10-15,The Piano Accident,2025,https://boxd.it/O7k2
2025-10-21,Cinema Paradiso,1988,https://boxd.it/1UlA
2025-10-21,Memoir of a Snail,2024,https://boxd.it/EgX8
2025-10-25,BlacKkKlansman,2018,https://boxd.it/hxL8
